STOCK_ID,LOCATION_ID,CODE,ITEM,UNIT,CATEGORY,COUNTED QTY
10550,32,10550,CABALIN 50 SR,CAPSULES,Pharmaceauticals,0
10508,32,10508,DERMAZINE CREAM 250G,TUBES,Pharmaceauticals,0
10488,32,10487,vitacaps,CAPSULES,Pharmaceauticals,0
10483,32,10483,CARVACROL SPRAY,SYRUP,Pharmaceauticals,0
10462,32,10462,andolex-c antibacteria,BOTTLE,Pharmaceauticals,0
10452,32,10452,trubliss pain r-gel,GEL,Pharmaceauticals,0
10421,32,10421,DO POMEGRANATE TOOTHPASTE 100ML,TUBES,Pharmaceauticals,0
10420,32,10420,DO CHARCOAL TOOTHPASTE 100ML,TUBES,Pharmaceauticals,0
10414,32,10414,DAKTARIN ORAL GEL 40G,TUBES,Pharmaceauticals,0
10410,32,10410,OATVEEN MASSAGE OIL,GEL,Pharmaceauticals,0
10401,32,10401,MUPISOFT CREAM,CREAM,Pharmaceauticals,0
10374,32,10374,PECOL SATCHETS,SATCHET,Pharmaceauticals,0
10372,32,10372,BLENDS NATURE BEARD,BOTTLE,Pharmaceauticals,0
10371,32,10368,LISTERINE M/W MILD&MINTY ALCOHOL FREE 250ML,BOTTLE,Pharmaceauticals,0
10367,32,10367,LISTERINE MIND&MINTY 500ML,BOTTLE,Pharmaceauticals,0
10366,32,10366,LISTERINE M/W KIDS 6+250ML,BOTTLE,Pharmaceauticals,0
10365,32,10365,LISTERINE ADVANCED 500ML,BOTTLE,Pharmaceauticals,0
10362,32,10362,QUICK-FREEZE 400ML,TUBES,Pharmaceauticals,0
10358,32,10358,QUICK-FREEZ 200ML,TUBES,Pharmaceauticals,0
10349,32,10349,WHITE FIELD OINTMENT,OINTMENT,Pharmaceauticals,0
10340,32,10340,REPLENISH CAPS 30S,TABLET,Pharmaceauticals,0
10338,32,10337,FRESHWIND MOUTH WASH-MINT,BOTTLE,Pharmaceauticals,0
10336,32,10336,WELTEK-FULJOINT TABLET 30'S,TABLET,Pharmaceauticals,0
10335,32,10335,skin ring 3s,SANITARIES,Pharmaceauticals,0
10315,32,10315,ERA DN CAPSULE 30'S,TABLET,Pharmaceauticals,0
10291,32,10291,TRAVOCORT CREAM 10G,CREAM,Pharmaceauticals,0
10289,32,10289,MAMALISHA 100G,POWDER,Pharmaceauticals,0
10276,32,10276,BIO OIL DRY SKIN GEL 200ML,GEL,Pharmaceauticals,0
10272,32,10272,BLENDS NATURE MASSAGE OIL,DEVICES,Pharmaceauticals,0
10271,32,10271,SURESKIN 500GM,CREAM,Pharmaceauticals,0
10270,32,10270,SURESKIN BABY 125GM,CREAM,Pharmaceauticals,0
10236,32,10236,MINOXIDIL 5%,TIN,Pharmaceauticals,0
10182,32,10182,NEUROZINE TABS,TABLETS,Pharmaceauticals,0
10142,32,10142,LISTERINE M/W COOLMINT ZERO ALCOHOL 500ML,BOTTLE,Pharmaceauticals,0
10131,32,10131,EPIMAX BABY AND JUNIOR SOAP 100G,SOAPS,Pharmaceauticals,0
10112,32,10112,OATVEEN ALL PURPOSE 400MLS,GEL,Pharmaceauticals,0
10089,32,10090,ULTRA VITAMIN C + ZINC 20S,TABLETS,Pharmaceauticals,0
10086,32,10087,FOPYN GEL,TUBES,Pharmaceauticals,0
10074,32,10075,SARA -D3 60K,SYRUP,Pharmaceauticals,0
10054,32,10055,OSTEOCARE OMEGA-3,SYRUP,Pharmaceauticals,0
10031,32,10032,EASYLUBE JELLY 82G,TUBES,Pharmaceauticals,0
10030,32,10031,EASYLUBE JELLY 42G,TUBES,Pharmaceauticals,0
10015,32,10016,OATVEEN ZINC AND CASTOR 225G,CREAM,Pharmaceauticals,0
10013,32,10014,HEALTHAID VITAMIN C 1000 PR 60,TABLET,Pharmaceauticals,0
10008,32,10009,zinc and castor 100g,CANISTER,Pharmaceauticals,0
9992,32,9993,KISS CONDOMS,TABLETS,Pharmaceauticals,0
9991,32,9992,NICORETTE 4MG,TABLETS,Pharmaceauticals,0
9990,32,9991,NICORETTE 2MG,TABLETS,Pharmaceauticals,0
9980,32,9981,DUREX PLEASURE RING,TABLET,Pharmaceauticals,0
9891,32,9891,ORS EFFER TABS 24S,TABLETS,Pharmaceauticals,0
9866,32,9866,H/A VIT C CHEW 1000MG 60s,TABLET,Pharmaceauticals,0
9861,32,9861,HIV SELF TEST KIT,DEVICES,Pharmaceauticals,0
9852,32,9852,SKYN ORIGINAL 10`S,DEVICES,Pharmaceauticals,0
9851,32,9851,SKYN INTENSE 10`S,DEVICES,Pharmaceauticals,0
9833,32,9833,NICORETTE PATCH 15MG,TUBES,Pharmaceauticals,0
9823,32,9823,CURAPROX PERIO PLUS MOUTHWASH,BOTTLE,Pharmaceauticals,0
9809,32,9809,SAMBUCOL IMMU EFFE 15,BOTTLE,Pharmaceauticals,0
9793,32,9793,ANDOLEX ANTIBACTERIAL 200ML,DEVICES,Pharmaceauticals,0
9764,32,9764,SPERGEN CAPS 20`S,BOTTLE,Pharmaceauticals,0
9745,32,9745,KETOSEN DS TABS 30'S,TABLETS,Pharmaceauticals,0
9725,32,9725,BENZYCLO ORAL GRGLE,DEVICES,Pharmaceauticals,0
9724,32,9724,LISTERINE M/W TOTAL CARE TEETH & GUM FRESHMINT 500ML,BOTTLE,Pharmaceauticals,0
9675,32,9675,CURAPROX KID 2+ STRAWBERRY,DEVICES,Pharmaceauticals,0
9629,32,9629,BENNETS BABY BUM 150G,TIN,Pharmaceauticals,0
9574,32,9582,ANDOLEX SPRAY 30ML(PLAIN),BOTTLE,Pharmaceauticals,0
9569,32,05007,BEROCCA BOOST GUARANA 20'S,TABLET,Pharmaceauticals,0
9555,32,0448,KETOCONAZOLE CREAM,CREAM,Pharmaceauticals,0
9533,32,9550,EPIMOL AP,CREAM,Pharmaceauticals,0
9520,32,9540,ALOEDENT TRIPLE ACTION TOOTHPASTE 100ML,TUBES,Pharmaceauticals,0
9517,32,9538,URGO MOUTH ULCERS 6ML,BOTTLE,Pharmaceauticals,0
9449,32,9471,SKYN INTENSE CONDOMS 3'S,DEVICES,Pharmaceauticals,0
9448,32,9470,SKYN ORIGINAL CONDOMS 3'S,DEVICES,Pharmaceauticals,0
9447,32,9469,KOTEX MAXI PROTECT NIGHT XTRA LONG 7'S,DEVICES,Pharmaceauticals,0
9445,32,9467,COTTONS MAXI PADS 10`S,DEVICES,Pharmaceauticals,0
9419,32,PO,BEROCCA ENERGY NATURAL ORANGE,TABLET,Pharmaceauticals,0
9377,32,9418,BENZYCHLO ORAL SPRAY 30ML,BOTTLE,Pharmaceauticals,0
9376,32,9417,BENZYCHLO ORAL GARGLE 100ML,BOTTLE,Pharmaceauticals,0
9375,32,9416,BENZYCHLO ORAL GARGLE 200ML,BOTTLE,Pharmaceauticals,0
9327,32,9373,BEROCCA EFF MIXED BERRIES 15S,TABLETS,Pharmaceauticals,0
9279,32,9326,CORSODYL FRESHMINT M/W 300ML,BOTTLE,Pharmaceauticals,0
9278,32,9325,CORSODYL  ALCOHOL FREE ORIGINAL  M/W 300ML,BOTTLE,Pharmaceauticals,0
9275,32,9322,DUREX PLAY TINGLING 50ML,GEL,Pharmaceauticals,0
9266,32,9313,NAN 1 400G [0-6 MONTHS],POWDER,Pharmaceauticals,0
9235,32,9283,ALOEDENT  CHILDRENS TOOTHPASTE 50ML,TUBES,Pharmaceauticals,0
9210,32,9258,EMLA 5% CREAM 5GM,CREAM,Pharmaceauticals,0
9188,32,9236,ALWAYS VALUE PACK 14S,DEVICES,Pharmaceauticals,0
9141,32,9189,EPSOM SALT 250GMS,TIN,Pharmaceauticals,0
9140,32,9188,ACCUSURE HIV SELF TEST 1S,DEVICES,Pharmaceauticals,0
9126,32,9174,EPIMOL B BABY AND JUNIOR CRM 450ML PUMP,CREAM,Pharmaceauticals,0
9125,32,9173,EPIMOL B ALL PURPOSE CREAM 450MG PUMP,CREAM,Pharmaceauticals,0
9113,32,9164,BAZUKA VERRUCA GEL 5g,GEL,Pharmaceauticals,0
9111,32,9162,ROUGH RIDER  CONDOMS,DEVICES,Pharmaceauticals,0
9103,32,9154,BACTOPIC OINTMENT 15G,TUBES,Pharmaceauticals,0
9076,32,9128,ZYTEE RB GEL,GEL,Pharmaceauticals,0
9069,32,9121,ZYRTAL GEL,TABLETS,Pharmaceauticals,0
9060,32,9112,Z-VIT 30'S,TABLETS,Pharmaceauticals,0
9059,32,9111,ZUPRICIN OINTMENT 15g,CAPSULES,Pharmaceauticals,0
9058,32,9110,ZUPRICIN B OINT 15G,TABLETS,Pharmaceauticals,0
9051,32,9103,ZOVIRAX COLD SORE CREAM,SATCHET,Pharmaceauticals,0
9014,32,9066,BELLS ZINC AND CASTOR OIL 225GMS,TABLETS,Pharmaceauticals,0
9013,32,9065,COST-PLUS ZINC AND CASTOR 225MG,CAPSULES,Pharmaceauticals,0
8975,32,9026,ZEDCAL TABS 30'S,TABLETS,Pharmaceauticals,0
8943,32,8994,XTRADERM CREAM 20G,TABLETS,Pharmaceauticals,0
8855,32,8906,WET N WILD,TABLETS,Pharmaceauticals,0
8851,32,8902,WELLWOMAN PLUS OMEGA 3-6-9 CAPS 28'S,CAPSULES,Pharmaceauticals,0
8843,32,8894,WELLMAN PLUS,TABLETS,Pharmaceauticals,0
8798,32,8849,VOLTAREN EMULGEL 50G,TABLETS,Pharmaceauticals,0
8797,32,8848,VOLTAREN EMULGEL 20G,TABLETS,Pharmaceauticals,0
8796,32,8847,VOLINI GEL 30G,TABLETS,Pharmaceauticals,0
8564,32,8613,UROFIT TABLETS,TABLETS,Pharmaceauticals,0
8563,32,8612,UROFIT SATCHET 6S,SATCHET,Pharmaceauticals,0
8561,32,8610,URISOL SATCHETS 10S,CAPSULES,Pharmaceauticals,0
8559,32,8608,URIKIND-KM SATCHET,TABLETS,Pharmaceauticals,0
8544,32,8593,UNIVIR  CREAM 10G,TABLETS,Pharmaceauticals,0
8540,32,8589,UNISTEN CREAM 20G,TABLETS,Pharmaceauticals,0
8536,32,8585,UNIORTHO 500MG,SATCHET,Pharmaceauticals,0
8464,32,8513,TRUST STUDDED,TABLETS,Pharmaceauticals,0
8463,32,8512,TRUST SCENTED CONDOMS,TABLETS,Pharmaceauticals,0
8462,32,8511,TRUST RIBBED,TABLETS,Pharmaceauticals,0
8461,32,8510,TRUST CLASSIC,TABLETS,Pharmaceauticals,0
8434,32,8483,TRINERVE TABS,TABLETS,Pharmaceauticals,0
8432,32,8481,TRIMICON CREAM,TABLETS,Pharmaceauticals,0
8408,32,8457,TRIBEES FORTE F/C,TABLET,Pharmaceauticals,0
8391,32,8440,TRAVOGEN CREAM 1%,TABLETS,Pharmaceauticals,0
8359,32,8408,TOUCH AND GO,TABLETS,Pharmaceauticals,0
8248,32,8296,TETRACYCLINE SKIN OINT,TABLETS,Pharmaceauticals,0
8245,32,8293,TETMOSOL SOAP 100G,TABLETS,Pharmaceauticals,0
8244,32,8292,TETMOSAL SOAP 75g,TABLETS,Pharmaceauticals,0
8234,32,8282,TESS BUCCAL PASTE,TABLETS,Pharmaceauticals,0
8230,32,8278,TERMINUS CREAM 30G,TABLETS,Pharmaceauticals,0
8212,32,8260,TERBIBACT MIXI CREAM,TABLETS,Pharmaceauticals,0
8204,32,8252,TENORIC 50MG,TABLETS,Pharmaceauticals,0
8203,32,8251,TENORIC 100MG 28'S,TABLETS,Pharmaceauticals,0
8120,32,8168,TACROVATE OINT 10GM 0.03%,TUBES,Pharmaceauticals,0
8119,32,8167,TACROVATE FORTE OINT 0.1% 10G,OINTMENT,Pharmaceauticals,0
8030,32,8078,SUPRADYN IMMUNO,TABLETS,Pharmaceauticals,0
8029,32,8077,SUPRADYN BOOST,CAPSULES,Pharmaceauticals,0
8028,32,8076,SUPRACAL TABS 30'S,TABLETS,Pharmaceauticals,0
8016,32,8064,SUNLIFE VIT C 1000MG EFF 20S,SYRUP,Pharmaceauticals,0
7998,32,8046,SUDOCREAM 60G,TABLETS,Pharmaceauticals,0
7997,32,8045,SUDOCREAM 400G,TABLETS,Pharmaceauticals,0
7996,32,8044,SUDOCREAM 250G,TABLETS,Pharmaceauticals,0
7995,32,8043,SUDOCREAM 125G,TABLETS,Pharmaceauticals,0
7994,32,8042,SUDOCREAM  30GMS,TABLETS,Pharmaceauticals,0
7961,32,8009,STUD 100 SPRAY 12G,CANISTER,Pharmaceauticals,0
7913,32,7961,STERODERM CREAM,TABLET,Pharmaceauticals,0
7867,32,7915,STEDNAC GEL 30G,TABLETS,Pharmaceauticals,0
7866,32,7914,STEDNAC GEL 100g,TABLETS,Pharmaceauticals,0
7825,32,7873,SORID OINTMENT,TABLETS,Pharmaceauticals,0
7822,32,7870,SONATEC (BLUE) MOUTHWASH,SUSPENSION,Pharmaceauticals,0
7821,32,7869,SONATEC M/WASH 250ML PINK,TABLETS,Pharmaceauticals,0
7816,32,7864,SONADERM CREAM,TABLETS,Pharmaceauticals,0
7787,32,7835,SOFTRON TABLETS,TABLETS,Pharmaceauticals,0
7785,32,7833,SOFTRON MAX 30's,CAPSULES,Pharmaceauticals,0
7763,32,7811,SMUGEL TUBE 50G,TABLETS,Pharmaceauticals,0
7762,32,7810,SMUGEL TUBE 20G,TABLETS,Pharmaceauticals,0
7748,32,7796,SKINS ULTRA THIN CONDOMS 12S,TABLETS,Pharmaceauticals,0
7747,32,7795,SKINS ULTRA THIN 4'S,TABLETS,Pharmaceauticals,0
7745,32,7793,SKINS SUPERSLIDE SILICONE LUBRICANT 130ML,TABLETS,Pharmaceauticals,0
7729,32,7777,skins lube aqua 250,TABLETS,Pharmaceauticals,0
7728,32,7776,skins lube aqua 130,TUBES,Pharmaceauticals,0
7666,32,7714,SILVEREX CREAM 25GM,TABLETS,Pharmaceauticals,0
7600,32,7648,SENSODYNE REPAIR & PROTECT 75ML,TABLETS,Pharmaceauticals,0
7599,32,7647,SENSODYNE RAPID ACTION 75ML,TABLETS,Pharmaceauticals,0
7598,32,7646,SENSODYNE MULTICARE 75ML,TABLETS,Pharmaceauticals,0
7597,32,7645,SENSODYNE MULTI CARE 40ML,DEVICES,Pharmaceauticals,0
7595,32,7643,SENSODYNE FRESH MINT40ML,TABLETS,Pharmaceauticals,0
7594,32,7642,SENSODYNE FRESH MINT 75ML,TABLETS,Pharmaceauticals,0
7593,32,7641,SENSODYNE EXTRA FRESH GEL 40ML,TUBES,Pharmaceauticals,0
7579,32,7627,Selsun shampoo 50mls,TABLETS,Pharmaceauticals,0
7550,32,7598,SEBAMED CLEANSING BAR 100G,TABLETS,Pharmaceauticals,0
7487,32,7534,SCARIN CREAM 30GM(PERMETHRIN),TABLETS,Pharmaceauticals,0
7484,32,7531,SCABION CREAM,CREAM,Pharmaceauticals,0
7469,32,7516,SARACAL TABS 30S,TABLETS,Pharmaceauticals,0
7426,32,7473,SAFERON PLUS TABS,TABLETS,Pharmaceauticals,0
7279,32,7324,RESAME 400MG 10S,TABLETS,Pharmaceauticals,0
7278,32,7323,RESAME 200,TABLETS,Pharmaceauticals,0
7271,32,7315,RENOGOLD TABS,TABLETS,Pharmaceauticals,0
7263,32,7307,REMIDIN GARGLE 100MLS,TABLETS,Pharmaceauticals,0
7250,32,7294,REKFA GOLD PLUS 60's,TABLETS,Pharmaceauticals,0
7238,32,7282,REGAIN FOR WOMEN,TABLETS,Pharmaceauticals,0
7226,32,7270,RECARTIX FORTE TABS 30S,TABLETS,Pharmaceauticals,0
7211,32,7255,RANFERON CAPS,TABLETS,Pharmaceauticals,0
7168,32,7212,QUEST OAD ZINC PLUS 15MG 30'S TABS,TABLETS,Pharmaceauticals,0
7163,32,7207,QUEST OAD BONE LIFE 60S,TABLETS,Pharmaceauticals,0
7152,32,7196,QUADRAGEL 15G,TABLETS,Pharmaceauticals,0
7151,32,7195,QUEST ZINC PLUS 15MG,CREAM,Pharmaceauticals,0
7136,32,7180,QUEST SUPER ONCE A DAY 30'S,CAPSULES,Pharmaceauticals,0
7130,32,7174,QUEST ONCE A DAY MULTI,TABLETS,Pharmaceauticals,0
7124,32,7168,QUEST O.A.D BONE LIFE,SATCHET,Pharmaceauticals,0
7105,32,7149,QUEST CRAN BIOTIX CAPS caps,TABLETS,Pharmaceauticals,0
7086,32,7130,PURECAL TABS 30'S,TABLETS,Pharmaceauticals,0
7036,32,7080,PROMIMBA M 30`s,TABLETS,Pharmaceauticals,0
7034,32,7078,PROMIMBA F,TABLETS,Pharmaceauticals,0
7033,32,7077,PROMIMBA OMEGA 30S,TABLETS,Pharmaceauticals,0
7018,32,7062,PROFERTILE FEMALE,TABLETS,Pharmaceauticals,0
7017,32,7061,PROFERTIL MEN,TABLETS,Pharmaceauticals,0
7005,32,7049,PROBRAIN PLUS,TABLET,Pharmaceauticals,0
6980,32,7024,PREVA 60MG,CAPSULES,Pharmaceauticals,0
6963,32,7007,PREGNACARE PLUS,TABLETS,Pharmaceauticals,0
6960,32,7004,PREGNACARE MAX,TABLETS,Pharmaceauticals,0
6925,32,6969,POWERGESIC GEL PLUS,TABLETS,Pharmaceauticals,0
6924,32,6968,POWERFLEX SATCHETS,TABLETS,Pharmaceauticals,0
6900,32,6944,POLIGRIP ULTRA 40MG,TABLETS,Pharmaceauticals,0
6898,32,6942,PODOSAL OINTMENT,TABLETS,Pharmaceauticals,0
6813,32,6854,Phytoral ointment,TABLETS,Pharmaceauticals,0
6794,32,6835,PHARMASAL SPRAY 150ML,CANISTER,Pharmaceauticals,0
6793,32,6834,PHARMASAL OINTMENT,TUBES,Pharmaceauticals,0
6765,32,6806,PERNEX AC GEL 5%,TABLETS,Pharmaceauticals,0
6727,32,6768,PEITEL 0.25,TABLETS,Pharmaceauticals,0
6726,32,6767,PEGLEC 137.5MG,TABLETS,Pharmaceauticals,0
6721,32,6762,PEDIASURE POWDER 400G,POWDER,Pharmaceauticals,0
6717,32,6758,PEARDINE MOUTHWASH 100ML,CAPSULES,Pharmaceauticals,0
6716,32,6757,PEARDINE MOUTHWASH 200ML,TUBES,Pharmaceauticals,0
6712,32,6753,PDT STRIPS,DEVICES,Pharmaceauticals,0
6700,32,6740,PARODONTAX TOOTHPASTE 100g,TABLETS,Pharmaceauticals,0
6656,32,6696,PANDERM OINTMENT 15GM,TABLETS,Pharmaceauticals,0
6655,32,6695,PANDERM CREAM 15GM,TABLETS,Pharmaceauticals,0
6605,32,6644,OZICAL TABS 30'S,TABLETS,Pharmaceauticals,0
6587,32,6626,OVACARE TABLETS,TABLET,Pharmaceauticals,0
6586,32,6625,OVACARE MYO 20'S,TABLETS,Pharmaceauticals,0
6585,32,6624,OVACARE FORTE,TABLETS,Pharmaceauticals,0
6584,32,6623,OVACARE,TABLETS,Pharmaceauticals,0
6583,32,6622,OVABLESS TABS,TABLETS,Pharmaceauticals,0
6564,32,6602,Osteocerin tabs,TABLETS,Pharmaceauticals,0
6562,32,6600,OSTEOCARE TABS 30'S,TABLETS,Pharmaceauticals,0
6561,32,6599,OSTEOCARE PLUS OMEGA 84S,TABLETS,Pharmaceauticals,0
6555,32,6593,OSTEOCARE CHEWABLE TABS 30'S,TABLET,Pharmaceauticals,0
6527,32,6565,OROFER CAPS,TABLETS,Pharmaceauticals,0
6502,32,6539,ORAQUICK HIV TEST KIT,TABLETS,Pharmaceauticals,0
6486,32,6523,OPTREX MULTIACTION W.100ML,BOTTLE,Pharmaceauticals,0
6418,32,6455,ONCOSIL CREAM(TERBINAFINE),TABLETS,Pharmaceauticals,0
6369,32,6406,OLFEN GEL 50GM,TABLETS,Pharmaceauticals,0
6344,32,6380,OILATUM SOAP KIDS,TABLETS,Pharmaceauticals,0
6343,32,6379,OILATUM SOAP,TABLETS,Pharmaceauticals,0
6305,32,6340,OATVEEN ULTRA CREAM 400ML,BOTTLE,Pharmaceauticals,0
6304,32,6339,OATVEEN ULTRA CREAM 150ML,TABLETS,Pharmaceauticals,0
6303,32,6338,OATVEEN OINTMENT 300G,TABLETS,Pharmaceauticals,0
6302,32,6337,OATVEEN OINTMENT,TIN,Pharmaceauticals,0
6301,32,6336,OATVEEN MOIST BAR,SOAPS,Pharmaceauticals,0
6300,32,6335,OATVEEN ECZEMA MOISTURIZING CREAM 400ML,CREAM,Pharmaceauticals,0
6298,32,6333,OATVEEN ECZEMA MOISTURISING CREAM 150ML,TABLETS,Pharmaceauticals,0
6227,32,6262,NUCLEO C.M.P FORTE,TABLETS,Pharmaceauticals,0
6086,32,6120,NORASH CREAM,TABLETS,Pharmaceauticals,0
6077,32,6111,NO HANGOVER EFF 20'S,TABLETS,Pharmaceauticals,0
6076,32,6110,NIZORAL SHAMPOO,TABLET,Pharmaceauticals,0
6044,32,6078,NIQUITIPIN 7MG STEP 3 PATCHES 7S,SATCHET,Pharmaceauticals,0
6038,32,6072,NILHEAT GEL 30G,TABLETS,Pharmaceauticals,0
6037,32,6071,NILBACT CREAM,TABLETS,Pharmaceauticals,0
6021,32,6055,NICORETTE QUICKMIST COOL BERRY SPRAY 13.2MLS,CANISTER,Pharmaceauticals,0
6019,32,6053,NICORETTE PATCH 25MG 7'S,CAPSULES,Pharmaceauticals,0
6018,32,6052,NICORETTE 4MG ICYWHITE,TABLETS,Pharmaceauticals,0
6015,32,6049,NICORETTE 2MG FRUITFUSION,TABLETS,Pharmaceauticals,0
6014,32,6048,NICORETTE 4MG ORIGINAL 105'S,TABLETS,Pharmaceauticals,0
6011,32,6045,NICORETTE 2MG ORIGINAL,TABLETS,Pharmaceauticals,0
5925,32,5959,NEURORUBINE FORTE,TABLETS,Pharmaceauticals,0
5920,32,5954,NEUROFORTE TABS,TABLETS,Pharmaceauticals,0
5918,32,5952,NEUROCARE PLUS,TABLETS,Pharmaceauticals,0
5917,32,5951,NEUROCARE D,TABLETS,Pharmaceauticals,0
5916,32,5950,NEUROCARE CAPS,TABLETS,Pharmaceauticals,0
5915,32,5949,NEUROCARE 25,TABLETS,Pharmaceauticals,0
5902,32,5936,NERVOPLEX TABS,TABLETS,Pharmaceauticals,0
5840,32,5874,NAUMA PAIN BALM,TABLETS,Pharmaceauticals,0
5820,32,5854,NAT B 30'S,TABLETS,Pharmaceauticals,0
5807,32,5840,NAN 3,TABLETS,Pharmaceauticals,0
5806,32,5839,NAN 2,TABLETS,Pharmaceauticals,0
5705,32,5738,MZ-CALL CHEWABLE 30'S,TABLETS,Pharmaceauticals,0
5702,32,5735,MZ-CAL OP TABLETS,TABLET,Pharmaceauticals,0
5691,32,5724,MYOATOM M,TABLETS,Pharmaceauticals,0
5689,32,5722,MYOATOM F,TABLETS,Pharmaceauticals,0
5688,32,5721,MYOATOM DS PLUS,TABLETS,Pharmaceauticals,0
5684,32,5717,MYCOTA CREAM,TABLETS,Pharmaceauticals,0
5679,32,5712,MYCOGAB GEL 30G,TABLETS,Pharmaceauticals,0
5639,32,5672,MOZZISHIELD 100,TABLETS,Pharmaceauticals,0
5633,32,5664,MOVICOL PAEDS,TABLETS,Pharmaceauticals,0
5632,32,5663,MOVICOL ADULT,TABLETS,Pharmaceauticals,0
5631,32,5662,MOVICOL 13.9G ADULT (CHOCOLATE) SACHETS 30S,SATCHET,Pharmaceauticals,0
5564,32,5595,MOMATE F CREAM 10G,TABLETS,Pharmaceauticals,0
5563,32,5594,MOMATE CREAM 15G,TABLETS,Pharmaceauticals,0
5518,32,5549,MINOXIN PLUS 5% SOLN,TABLETS,Pharmaceauticals,0
5517,32,5548,MINOXIN 2% SOLUTION,TABLETS,Pharmaceauticals,0
5515,32,5546,MINOLA ECZEMA SOAP,CREAM,Pharmaceauticals,0
5378,32,5409,melacare cream,TUBES,Pharmaceauticals,0
5359,32,5390,MEDIVEN S OINTMENT,TABLETS,Pharmaceauticals,0
5358,32,5389,MEDIVEN OINTMENT,TABLETS,Pharmaceauticals,0
5357,32,5388,MEDIVEN CREAM,TABLETS,Pharmaceauticals,0
5355,32,5386,MEDITROL 0.25MG,TABLETS,Pharmaceauticals,0
5339,32,5369,MEBO SCAR OINT 30G,TABLETS,Pharmaceauticals,0
5338,32,5368,MEBO HERBAL OINTMENT 30GM,TABLETS,Pharmaceauticals,0
5337,32,5367,MEBO HERBAL OINTMENT 15GM,TABLETS,Pharmaceauticals,0
5319,32,5347,MATERNITY PADS (MEDIMAX),TABLETS,Pharmaceauticals,0
5308,32,5336,MASCULAN LONG PLEASURE 3's,TABLETS,Pharmaceauticals,0
5296,32,5324,MANIX CAPSULE 20'S,TABLETS,Pharmaceauticals,0
5293,32,5321,MAMALAIT 250G,TABLETS,Pharmaceauticals,0
5292,32,5320,MAMALAIT 100G,TABLETS,Pharmaceauticals,0
5235,32,5263,SCIFIT MAGNESIUM BOOST EFF 20S LEMON,CAPSULES,Pharmaceauticals,0
5218,32,5246,M2 TONE tabs,TABLETS,Pharmaceauticals,0
5213,32,5241,LYSOFLAM GEL 30G,TABLETS,Pharmaceauticals,0
5190,32,5218,LUMBER CORSET-XL,SATCHET,Pharmaceauticals,0
5175,32,5203,Luconil Tablets,TABLETS,Pharmaceauticals,0
5171,32,5199,LUCAZ CREAM 30G,TABLETS,Pharmaceauticals,0
5063,32,5090,LIVOLUK SOLN 200ML,TABLETS,Pharmaceauticals,0
5062,32,5089,LIVOLUK SOLN 100ML,TABLETS,Pharmaceauticals,0
5061,32,5088,LIVOLUK FIBRE 90G GRANULES,TABLETS,Pharmaceauticals,0
5060,32,5087,LIVOLIN FORTE,TABLETS,Pharmaceauticals,0
5058,32,5085,LIVERLIFE PLUS,BOTTLE,Pharmaceauticals,0
5057,32,5084,LIVERIL TABS 30'S,TABLETS,Pharmaceauticals,0
5052,32,5079,LISTERINE ZERO (500ML),TABLET,Pharmaceauticals,0
5051,32,5078,LISTERINE ZERO (250ML),TABLET,Pharmaceauticals,0
5014,32,5041,LIPTOMIL PLUS HA,TIN,Pharmaceauticals,0
5013,32,5040,LIPTOMIL PLUS AC,TABLETS,Pharmaceauticals,0
5012,32,5039,LIPTOMIL PLUS 2,TABLETS,Pharmaceauticals,0
5011,32,5038,LIPTOMIL plus 1,TABLETS,Pharmaceauticals,0
5010,32,5037,LIPTOMAMA PLUS 400G,TABLETS,Pharmaceauticals,0
5009,32,5036,LIPTOGROW 3,TABLETS,Pharmaceauticals,0
4975,32,5002,LIOTON GEL 30G,TABLETS,Pharmaceauticals,0
4805,32,4832,LAMISIL CREAM 10G,CREAM,Pharmaceauticals,0
4803,32,4830,LAMISIL AT,TABLETS,Pharmaceauticals,0
4791,32,4818,LAEOVATE CREAM,TABLETS,Pharmaceauticals,0
4741,32,4768,KOTTONI COTTON PADS,TABLETS,Pharmaceauticals,0
4740,32,4767,KOTEX ULTRA SANITARY DUO PADS NORMAL 16S,SATCHET,Pharmaceauticals,0
4739,32,4766,KOTEX ULTRA SANITARY DUO PADS LONG 16S,SATCHET,Pharmaceauticals,0
4738,32,4765,KOTEX ULTRA EXTRA LONG NIGHT 7S,TABLETS,Pharmaceauticals,0
4737,32,4764,KOTEX ULTRA LONG 8S,TABLETS,Pharmaceauticals,0
4681,32,4708,KLY JELLY,TABLETS,Pharmaceauticals,0
4677,32,4704,KLENZIT GEL,TABLETS,Pharmaceauticals,0
4676,32,4703,KLENZIT C GEL,TABLETS,Pharmaceauticals,0
4657,32,4684,KING SIZE CONDOMS,TABLETS,Pharmaceauticals,0
4634,32,4661,KETOSEN,TABLETS,Pharmaceauticals,0
4633,32,4660,KETOPLUS SHAMPOO,TABLETS,Pharmaceauticals,0
4606,32,4633,KEMZID CREAM 15G,TABLET,Pharmaceauticals,0
4570,32,4597,KCHEK SATCHET 10S,TABLETS,Pharmaceauticals,0
4543,32,4570,JOINTYPLUS GEL 30GM,TABLET,Pharmaceauticals,0
4541,32,4568,JOINTSOLS,TABLETS,Pharmaceauticals,0
4536,32,4563,JOINTFIX COMBI,TABLETS,Pharmaceauticals,0
4364,32,4390,JAMIESON MELATONIN SLEEP SPRAY,TABLET,Pharmaceauticals,0
4295,32,4321,ISLIM PILLS,TABLETS,Pharmaceauticals,0
4275,32,4301,INTAMINE CREAM,TABLETS,Pharmaceauticals,0
4227,32,4253,IMMUNACE TABS 30'S,TABLETS,Pharmaceauticals,0
4226,32,4252,IMMUNACE EXTRA,TABLETS,Pharmaceauticals,0
4207,32,4233,IFAS TABS,TABLETS,Pharmaceauticals,0
4206,32,4232,IDEOS CHEWABLE TABS 30'S,TABLETS,Pharmaceauticals,0
4203,32,4229,IDANIL,TABLETS,Pharmaceauticals,0
4190,32,4215,IBUMEX GEL,TABLETS,Pharmaceauticals,0
4179,32,4204,HYPONID TABS 20S,TABLETS,Pharmaceauticals,0
4166,32,4191,HYGLOW SOAP,SOAPS,Pharmaceauticals,0
4136,32,4161,HYCOLLA-OD CAPS 30'S,TABLETS,Pharmaceauticals,0
4093,32,4117,SURE TEST HIV1/2 KIT,DEVICES,Pharmaceauticals,0
4092,32,4116,HIV SELF-TEST KIT SURE CHECK,TABLET,Pharmaceauticals,0
4088,32,4112,HITORAL SHAMPOO,TABLETS,Pharmaceauticals,0
4078,32,4102,HIRUDOID GEL,TABLETS,Pharmaceauticals,0
4060,32,4083,HEPAMERZ 5G,TABLETS,Pharmaceauticals,0
4047,32,4070,HEMFER CAPS 30`S,TABLETS,Pharmaceauticals,0
4034,32,4057,HEEL CREAM,TABLETS,Pharmaceauticals,0
3991,32,4014,HC DINE MOUTHWASH 100ML,TABLET,Pharmaceauticals,0
3803,32,3825,GRABACIN 3 OINTMENT,TABLETS,Pharmaceauticals,0
3728,32,3747,GLUCERNA TRIP. CARE,TABLETS,Pharmaceauticals,0
3697,32,3716,GLENCEE DZ,TABLETS,Pharmaceauticals,0
3696,32,3715,GLENCEE VITAMIN C EFF 1G 20S,TABLETS,Pharmaceauticals,0
3686,32,3705,GINSOMIN CAPS 30'S,TABLETS,Pharmaceauticals,0
3684,32,3703,GINSOGOLD PLUS CAPS 30'S,CREAM,Pharmaceauticals,0
3652,32,3671,GEMCAL TABS 30'S,TABLETS,Pharmaceauticals,0
3515,32,3532,FYBOGEL SATCHETS,TABLETS,Pharmaceauticals,0
3507,32,3524,FUNGITER CREAM 15G,TABLETS,Pharmaceauticals,0
3501,32,3518,FUNBACT-A CREAM,TABLETS,Pharmaceauticals,0
3496,32,3513,FUCIDIN OINTMENT 15G,TABLETS,Pharmaceauticals,0
3495,32,3512,FUCIDIN CREAM,TABLETS,Pharmaceauticals,0
3472,32,3488,FRESHA GARGLE 100ML,TABLET,Pharmaceauticals,0
3468,32,3484,FREEFLEX TABS,TABLETS,Pharmaceauticals,0
3467,32,3483,FREEFLEX FORTE TABS,TABLETS,Pharmaceauticals,0
3425,32,3441,Fopyn Fast gel,TABLET,Pharmaceauticals,0
3421,32,3437,FOLIC ACID 5MG TABS 28S,TABLETS,Pharmaceauticals,0
3418,32,3434,FOLIC ACID (FOLISURE 5MG),TABLETS,Pharmaceauticals,0
3323,32,3339,FLEX 14 15`s,TABLETS,Pharmaceauticals,0
3285,32,3300,FIXODENT CREAM DUAL PROTECTION 40G,TUBES,Pharmaceauticals,0
3232,32,3246,FERTILION-M 30's,TABLETS,Pharmaceauticals,0
3231,32,3245,FERTILION-F PLUS TABS,TABLETS,Pharmaceauticals,0
3230,32,3243,FERTILION-F CAP 30'S,TABLETS,Pharmaceauticals,0
3217,32,3230,FEROGLOBIN B12 CAPS 30S,CAPSULES,Pharmaceauticals,0
3165,32,3178,FASTUM GEL DISPENSER 100G,CANISTER,Pharmaceauticals,0
3164,32,3177,FASTUM GEL 50G,TUBES,Pharmaceauticals,0
3163,32,3176,FASTUM GEL 30G,TABLETS,Pharmaceauticals,0
3162,32,3175,FASTUM GEL 20G,TABLETS,Pharmaceauticals,0
3147,32,3160,FACID HC CREAM 15G,TABLETS,Pharmaceauticals,0
3105,32,3118,EXEVATE MF OINTMENT,TABLETS,Pharmaceauticals,0
3078,32,3091,Eurax cream30g + crotamiton,TABLETS,Pharmaceauticals,0
3075,32,3088,EUMOVATE CREAM 25G,TABLETS,Pharmaceauticals,0
3070,32,3083,EUGICA HERBAL MOUTH SPRAY,SUSPENSION,Pharmaceauticals,0
3041,32,3054,etoflam gel 50g,TUBES,Pharmaceauticals,0
3040,32,3053,ETOFLAM GEL 30G,TABLETS,Pharmaceauticals,0
2963,32,2975,EPSOM SALTS 50GMS,TABLET,Pharmaceauticals,0
2962,32,2974,EPSOM SALTS 100G,TABLETS,Pharmaceauticals,0
2961,32,2973,EPSOM SALT 500GM,TABLETS,Pharmaceauticals,0
2960,32,2972,EPSOM SALT 25G,TABLETS,Pharmaceauticals,0
2953,32,2965,EPIMOL-B PLUS 400G,TABLETS,Pharmaceauticals,0
2952,32,2964,EPIMOL-B BABY&JUNIOR CREAM 400G,TABLETS,Pharmaceauticals,0
2951,32,2963,EPIMOL-B BABY &JUNIOR CREAM 150MG,BOTTLE,Pharmaceauticals,0
2950,32,2962,EPIMOL E SOAP,TABLETS,Pharmaceauticals,0
2948,32,2960,EPIMOL B ALL PURPOSE 150G,TIN,Pharmaceauticals,0
2947,32,2959,EPIMAX(YELLOW) CREAM 100G TUBE,SATCHET,Pharmaceauticals,0
2946,32,2958,EPIMAX YELLOW 125GM TIN,CAPSULES,Pharmaceauticals,0
2945,32,2957,EPIMAX PLUS FOOTCREAM 125G,TABLETS,Pharmaceauticals,0
2944,32,2956,EPIMAX PLUS CREAM 400G,CREAM,Pharmaceauticals,0
2943,32,2955,EPIMAX MAN CREAM 400GM,TABLETS,Pharmaceauticals,0
2942,32,2954,EPIMAX MAN CREAM 100G,CAPSULES,Pharmaceauticals,0
2941,32,2953,EPIMAX LOTION 450ML,BOTTLE,Pharmaceauticals,0
2940,32,2952,EPIMAX JUNIOR LOTION 450ML,CREAM,Pharmaceauticals,0
2939,32,2951,EPIMAX JUNIOR 100G TUBE,TABLETS,Pharmaceauticals,0
2929,32,2941,EPIDERM CREAM 15GM,TABLETS,Pharmaceauticals,0
2928,32,2940,EPIDERM 30G,TABLETS,Pharmaceauticals,0
2916,32,2928,ENTEZMA OINT,TABLETS,Pharmaceauticals,0
2900,32,2912,ENSURE PROTEIN POWD - STRWBRY,TABLETS,Pharmaceauticals,0
2899,32,2911,ENSURE PROTEIN CHOCO,TABLETS,Pharmaceauticals,0
2898,32,2910,ENSURE PROTE POWDER,TABLETS,Pharmaceauticals,0
2897,32,2909,ENSURE NUTRI VANILLA 400G,TABLETS,Pharmaceauticals,0
2896,32,2908,ENSURE 375G,TABLETS,Pharmaceauticals,0
2869,32,2880,ENAT CREAM,TABLETS,Pharmaceauticals,0
2868,32,2879,ENAT 400MG VIT E CAPS,TABLETS,Pharmaceauticals,0
2858,32,2869,EMULSIFYING OINT 250G,OINTMENT,Pharmaceauticals,0
2857,32,2868,EMULSIFYING OINTMENT 500G NATIONWIDE,TABLETS,Pharmaceauticals,0
2856,32,2867,EMULSIFYING OINT 500g,TABLET,Pharmaceauticals,0
2812,32,2823,ELYVATE OINTMENT,TABLETS,Pharmaceauticals,0
2811,32,2822,ELYVATE CREAM,TABLETS,Pharmaceauticals,0
2810,32,2821,ELYCORT [HYDROCORTISONE] OINTMENT 15G,TUBES,Pharmaceauticals,0
2809,32,2820,ELYCORT CREAM,TABLETS,Pharmaceauticals,0
2805,32,2816,ELOCOM OINTMENT,TABLETS,Pharmaceauticals,0
2803,32,2814,ELOCOM CREAM,TABLETS,Pharmaceauticals,0
2798,32,2809,ELICASAL OINT 30G,TABLETS,Pharmaceauticals,0
2797,32,2808,ELICA OINTMENT,TABLETS,Pharmaceauticals,0
2750,32,2761,Efatop PE 60g,TABLET,Pharmaceauticals,0
2708,32,2719,DYVON OINTMENT,TABLETS,Pharmaceauticals,0
2701,32,2712,DYNAPAR QPS SPRAY,TABLETS,Pharmaceauticals,0
2698,32,2709,DYNAPAR GEL,TABLETS,Pharmaceauticals,0
2696,32,2707,DYNAMO DELAY MEN,TABLETS,Pharmaceauticals,0
2670,32,2681,DUREX SELECT FLAVOURS,TABLET,Pharmaceauticals,0
2668,32,2679,DUREX PLAY WARMING 50ML,TUBES,Pharmaceauticals,0
2665,32,2676,DUREX PLAY FEEL 50ML,TABLETS,Pharmaceauticals,0
2661,32,2672,DUREX PERFORMA,TABLETS,Pharmaceauticals,0
2660,32,2671,DUREX MUTUAL CLIMAX,TUBES,Pharmaceauticals,0
2656,32,2667,DUREX INTENSE VIBRATING RING,TABLET,Pharmaceauticals,0
2652,32,2663,DUREX FETHERLITE ULTRA EXTRA  THIN,TABLETS,Pharmaceauticals,0
2651,32,2662,DUREX FETHERLITE,TABLETS,Pharmaceauticals,0
2650,32,2661,DUREX FETHERLITE 12S,SUSPENSION,Pharmaceauticals,0
2649,32,2660,DUREX FEEL 50ML,TABLETS,Pharmaceauticals,0
2647,32,2658,DUREX EXTRA SAFE CONDOMS 3S,TABLETS,Pharmaceauticals,0
2639,32,2650,DUOSKIN CREAM 15G,TABLET,Pharmaceauticals,0
2584,32,2595,DREZ OINTMENT10G,TUBES,Pharmaceauticals,0
2553,32,2564,DOVE SOAP 135G,SATCHET,Pharmaceauticals,0
2446,32,2456,DIPROSALIC OINT 30G,TABLETS,Pharmaceauticals,0
2445,32,2455,DIPROGENTA OINT 15G,TABLETS,Pharmaceauticals,0
2444,32,2454,DIPROGENTA CREAM,TABLETS,Pharmaceauticals,0
2431,32,2441,DILTIGESIC GEL 30GMS,TABLETS,Pharmaceauticals,0
2395,32,2405,DICLOFENAC GEL,TABLETS,Pharmaceauticals,0
2303,32,2311,DERMOVATE OINTMENT 25G,TABLET,Pharmaceauticals,0
2300,32,2308,DERMOVATE CREAM 25G,TABLETS,Pharmaceauticals,0
2290,32,2297,DERMOFIX CREAM,TABLETS,Pharmaceauticals,0
2286,32,2293,DERMIDEX CREAM,TABLETS,Pharmaceauticals,0
2285,32,2292,DERMAZINE 100G,TABLET,Pharmaceauticals,0
2284,32,2291,DERMAZINE CREAM 50GM,TABLETS,Pharmaceauticals,0
2282,32,2289,DERMAZINE CREAM 15G,TABLETS,Pharmaceauticals,0
2278,32,2285,Dermafin cream 15gm,TABLET,Pharmaceauticals,0
2261,32,2268,DENTOGEL,TABLETS,Pharmaceauticals,0
2260,32,2267,DENTINOX TEETHING GEL,TABLETS,Pharmaceauticals,0
2243,32,2250,DEKSEL NANO SYRUP 60000iu,SYRUP,Pharmaceauticals,0
2230,32,2237,DEEP HEAT SPRAY 150ML,TABLETS,Pharmaceauticals,0
2229,32,2236,DEEP HEAT RUB 67G,TABLETS,Pharmaceauticals,0
2228,32,2235,DEEP HEAT RUB 35G,TABLETS,Pharmaceauticals,0
2225,32,2231,DEEP HEAT PERIOD PATCH,TABLETS,Pharmaceauticals,0
2223,32,2229,DEEP HEAT PATCH 1'S,TABLETS,Pharmaceauticals,0
2217,32,2223,DEEP FREEZE SPRAY,TUBES,Pharmaceauticals,0
2216,32,2222,DEEP FREEZE GEL 35G,TABLETS,Pharmaceauticals,0
2215,32,2221,DEEP FREEZE GEL 100G,SATCHET,Pharmaceauticals,0
2206,32,2212,DEBRIDACE OINTMENT,TABLETS,Pharmaceauticals,0
2178,32,2184,DAWACORT CREAM,TABLETS,Pharmaceauticals,0
2173,32,2179,DAVIR CREAM 10GM,SATCHET,Pharmaceauticals,0
2142,32,2148,DAKTARIN ORAL GEL 20GM,TUBES,Pharmaceauticals,0
2128,32,2134,DADACARE 180MM DAILY LINER,TABLETS,Pharmaceauticals,0
2125,32,2131,DADA SUPER 16S,TABLETS,Pharmaceauticals,0
2121,32,2127,DADA 340MM,TABLETS,Pharmaceauticals,0
2120,32,2126,DADA 290MM,CAPSULES,Pharmaceauticals,0
2095,32,2101,CYPRO B PLUS TABS,TABLETS,Pharmaceauticals,0
2083,32,2089,CYCLOVAX CREAM 10G,TABLETS,Pharmaceauticals,0
2075,32,2081,CYCLE TONE TABLETS,TABLETS,Pharmaceauticals,0
2019,32,2025,COW & GATE NUTRISTAT 1(0-6M),TABLETS,Pharmaceauticals,0
2018,32,2024,COW & GATE NUTRISTART 3,TABLETS,Pharmaceauticals,0
2017,32,2023,COW & GATE NUTRISTART 2(6-12M),TABLETS,Pharmaceauticals,0
1998,32,2004,COTTONS ULTRA SUPER,TABLETS,Pharmaceauticals,0
1997,32,2003,COTTONS ULTR REGULAR,TABLETS,Pharmaceauticals,0
1958,32,1964,COSVATE GM CREAM 15G,TABLETS,Pharmaceauticals,0
1957,32,1963,COSVATE G CREAM 15G,TABLETS,Pharmaceauticals,0
1956,32,1962,COSVATE CREAM 15G,TABLETS,Pharmaceauticals,0
1952,32,1958,cosmelite next cream,TABLETS,Pharmaceauticals,0
1939,32,1945,CORSODYL MINT 300ML,TABLETS,Pharmaceauticals,0
1937,32,1943,CORSODYL FRESHMINT DAILY DEFENSE,TABLETS,Pharmaceauticals,0
1934,32,1940,CORSODYL COOL MINT 500ML,TABLETS,Pharmaceauticals,0
1919,32,1925,CONTRACTUBEX 20G,TABLETS,Pharmaceauticals,0
1868,32,1874,COLOPREP KIT,TABLETS,Pharmaceauticals,0
1799,32,1805,CLOZOLE CREAM,TABLET,Pharmaceauticals,0
1798,32,1804,CLOZOLE B 30G,CREAM,Pharmaceauticals,0
1797,32,1803,CLOZOLE B 15G,TABLETS,Pharmaceauticals,0
1792,32,1798,CLOTRINE CREAM,TABLETS,Pharmaceauticals,0
1791,32,1797,CLOTRINE B CREAM,TABLETS,Pharmaceauticals,0
1762,32,1768,CLOBEN G CREAM,TABLETS,Pharmaceauticals,0
1760,32,1766,CLOBEDERM OINT 15G,TABLETS,Pharmaceauticals,0
1757,32,1763,Clobederm cream 10gm,TABLET,Pharmaceauticals,0
1744,32,1750,CLINDAR T GEL,TABLETS,Pharmaceauticals,0
1722,32,1728,CLEAR T GEL,TABLETS,Pharmaceauticals,0
1553,32,1558,CETRINO CREAM,TABLET,Pharmaceauticals,0
1518,32,1523,CEREGARD PLUS 10S,TABLETS,Pharmaceauticals,0
1517,32,1522,CEREGARD FORTE 10S,TABLETS,Pharmaceauticals,0
1479,32,1484,CEOVIT 250MG (CHEWABLE),TABLET,Pharmaceauticals,0
1394,32,1399,CATIS FORTE 30's,TABLETS,Pharmaceauticals,0
1363,32,1368,CARTIMOVE TABS,TABLETS,Pharmaceauticals,0
1362,32,1367,CARTIMOVE PLUS 10'S,TABLETS,Pharmaceauticals,0
1361,32,1366,CARTIMOVE D TABS,TABLETS,Pharmaceauticals,0
1359,32,1364,CARTIL SUPER FORTE TABS,TABLETS,Pharmaceauticals,0
1358,32,1363,CARTIL OMEGA,TABLETS,Pharmaceauticals,0
1357,32,1362,CARTIL FORTE CAPS,TABLETS,Pharmaceauticals,0
1356,32,1361,CARTIL COLLAGEN 30's,TABLETS,Pharmaceauticals,0
1353,32,1358,CARTICARE FORTE TABS,TABLETS,Pharmaceauticals,0
1298,32,1303,Capsifenac gel 20gm,TABLETS,Pharmaceauticals,0
1293,32,1298,CANESTEN CREAM,TABLETS,Pharmaceauticals,0
1284,32,1289,CANDISTAT CREAM,TABLETS,Pharmaceauticals,0
1273,32,1278,CANDID CRM 20G,TABLETS,Pharmaceauticals,0
1270,32,1275,CANDID B CRM 15 G,TABLETS,Pharmaceauticals,0
1269,32,1274,CANDID B 30G,TABLETS,Pharmaceauticals,0
1196,32,1201,BURNOVA CREAM 25G,TABLETS,Pharmaceauticals,0
1194,32,1199,BURNAZINE CREAM 15GM,TABLETS,Pharmaceauticals,0
1191,32,1196,BUMP PATROL,TABLETS,Pharmaceauticals,0
1188,32,1193,BULKOT MIX CREAM,TABLETS,Pharmaceauticals,0
1187,32,1192,BULKOT CREAM,TABLETS,Pharmaceauticals,0
1186,32,1191,BULKOT B CREAM,TABLETS,Pharmaceauticals,0
1115,32,1120,BONJELA TEETHING GEL,TABLETS,Pharmaceauticals,0
1113,32,1118,BONJELA ADULT,TABLETS,Pharmaceauticals,0
1112,32,1117,BONIUM TABS,TABLETS,Pharmaceauticals,0
1042,32,1047,BIOFREEZE SPRAY,TABLETS,Pharmaceauticals,0
1041,32,1046,BIOFREEZE ROLLON,TABLETS,Pharmaceauticals,0
1040,32,1045,BIOFREEZE LARGE PATH 5S,SATCHET,Pharmaceauticals,0
1018,32,1023,BIO OIL DRY SKIN GEL 50ML,TABLETS,Pharmaceauticals,0
1017,32,1022,BIO OIL 60ML,TABLETS,Pharmaceauticals,0
1016,32,1021,BIO OIL 25ML,TABLETS,Pharmaceauticals,0
1015,32,1020,BIO OIL 200mls,TABLETS,Pharmaceauticals,0
1014,32,1019,BIO OIL 125ML,TABLETS,Pharmaceauticals,0
1012,32,1017,BIO D3 MAX 30S,TABLETS,Pharmaceauticals,0
984,32,987,BETASON CREAM,TABLETS,Pharmaceauticals,0
962,32,965,BETADINE SPRAY,SATCHET,Pharmaceauticals,0
960,32,963,BETADINE MOUTH-WASH & GARGLE 250ML,BOTTLE,Pharmaceauticals,0
959,32,962,BETADINE MOUTH WASH & GARGLE 125ML,BOTTLE,Pharmaceauticals,0
951,32,954,BEROCCA PERFORMANCE ORANGE TABS 10S,TABLETS,Pharmaceauticals,0
950,32,953,BEROCCA PERFORMANCE ORANGE 30'S,TABLETS,Pharmaceauticals,0
949,32,952,BEROCCA PERFORMANCE ORANGE 20',TABLETS,Pharmaceauticals,0
948,32,951,BEROCCA PERFORMANCE BOOST 20'S,TABLETS,Pharmaceauticals,0
947,32,950,BEROCCA EFF ORANGE 15'S,CAPSULES,Pharmaceauticals,0
946,32,949,BEROCCA BOOST EFFER.30S,TABLETS,Pharmaceauticals,0
945,32,948,BEROCCA BOOST EFFER.10S,TABLETS,Pharmaceauticals,0
944,32,947,BEPANTHEN STRETCH MARK 150ML,TABLETS,Pharmaceauticals,0
943,32,946,BEPANTHEN NAPPY OINT 50G,CAPSULES,Pharmaceauticals,0
942,32,945,BEPANTHEN NAPPY OINT 30GM,TABLETS,Pharmaceauticals,0
941,32,944,BEPANTHEN NAPPY OINT 100G,TABLETS,Pharmaceauticals,0
895,32,898,BENNETTS BBY BUM 75G,TABLETS,Pharmaceauticals,0
894,32,897,BENNETTS BABY/JNRMOISTCREAM 500,TABLETS,Pharmaceauticals,0
893,32,896,bennetts baby moist crm 150g,TABLETS,Pharmaceauticals,0
892,32,895,BENNETTS BABY BUM 300G,TABLETS,Pharmaceauticals,0
891,32,894,BENNETTS BABY BAR 100G,TABLETS,Pharmaceauticals,0
838,32,841,BECOACTIN TABS,TABLETS,Pharmaceauticals,0
836,32,839,BECLOMIN OINTMEBT 15G,TABLETS,Pharmaceauticals,0
823,32,826,BAZUKA EXTRA STRENGTH GEL,TUBES,Pharmaceauticals,0
818,32,821,BAREBACK CONDOMS,TABLETS,Pharmaceauticals,0
815,32,818,BALLET MOSQUITO REPEL SPRAY 100ML,TABLETS,Pharmaceauticals,0
814,32,817,BALLET MOSQUITO REPELLANT 50G,TABLETS,Pharmaceauticals,0
813,32,816,BALLET MOSQ REP 100G JELLY 100g,TABLETS,Pharmaceauticals,0
812,32,815,BALLET BABY JELLY,TABLETS,Pharmaceauticals,0
530,32,531,AQUEOUS CREAM 500MG,TIN,Pharmaceauticals,0
529,32,530,AQUEOUS CREAM 250G,CREAM,Pharmaceauticals,0
528,32,529,AQUEOUS CREAM 100G,TABLETS,Pharmaceauticals,0
526,32,527,AQUASOFT SOAP 75GM,TABLETS,Pharmaceauticals,0
515,32,516,APTAMIL FIRST 800G,TIN,Pharmaceauticals,0
514,32,515,APTAMIL 3,TABLETS,Pharmaceauticals,0
513,32,514,APTAMIL 2 400G (6-12M),TABLETS,Pharmaceauticals,0
512,32,513,APTAMIL 1 400G (0-6M),TABLETS,Pharmaceauticals,0
478,32,479,ANUSTAT OINTMENT,TABLETS,Pharmaceauticals,0
418,32,419,ANDOLEX-C  MOUTHWASH 200ML,TABLETS,Pharmaceauticals,0
417,32,418,ANDOLEX WILDBERRY PASTILLES(DRY MOUTH) 20'S,TABLETS,Pharmaceauticals,0
414,32,415,ANDOLEX ANTIBACTERIAL 100MLS,TABLETS,Pharmaceauticals,0
413,32,414,ANDOLEX-C LOZ (SORE THROAT) HONEY/LEMON 16'S,TABLET,Pharmaceauticals,0
410,32,411,ANDOLEX-C  MOUTHWASH 100ML,SATCHET,Pharmaceauticals,0
324,32,325,AMIZOLE GEL ( METRONIDAZOLE ) 20G,TUBES,Pharmaceauticals,0
315,32,316,AMINOGARD SATCHETS,TABLETS,Pharmaceauticals,0
291,32,292,ALWAYS ULTRA VALUE PACK,DEVICES,Pharmaceauticals,0
289,32,290,ALWAYS ULTRA THIN NORMAL,TABLETS,Pharmaceauticals,0
288,32,289,ALWAYS ULTRA THIN 7S,TABLETS,Pharmaceauticals,0
287,32,288,ALWAYS ULTRA NIGHT,SATCHET,Pharmaceauticals,0
286,32,287,ALWAYS MAX THICK  PADS LONG 7S,SATCHET,Pharmaceauticals,0
285,32,286,ALWAYS MAXI THICK COTTON SENSTV,TABLETS,Pharmaceauticals,0
284,32,285,ALWAYS MAXI BLUE,TABLETS,Pharmaceauticals,0
283,32,284,ALWAYS 3 IN 1 16S,SATCHET,Pharmaceauticals,0
282,32,283,ALWAYS 3 IN 1    14S HERBAL CLEAN,CAPSULES,Pharmaceauticals,0
222,32,223,ALDARA CRM,TABLETS,Pharmaceauticals,0
133,32,134,ADDYZOA CAPS 20S,CAPSULES,Pharmaceauticals,0
126,32,127,ADACIN GEL,TABLETS,Pharmaceauticals,0
124,32,125,ACYCLOVIR DENK 7GM,TABLETS,Pharmaceauticals,0
100,32,101,ACTILIFE CDZ 20S,TABLETS,Pharmaceauticals,0
83,32,83,ACNESOL CREAM 25MG,TABLETS,Pharmaceauticals,0
71,32,71,Acne aid soap 65gm,SOAPS,Pharmaceauticals,0
